通讯地址,vendors,names,n
广东省广州市,"['V1407235', 'V1407245', 'V1407117', 'V1407120', 'V1408435', 'V1408437', 'V1408440', 'V1408442', 'V1409014', 'V1505054', 'V1604018', 'V1407168', 'V1411002', 'V1609023', 'V1407567', 'V1507002', 'V1505027', 'V1505066', 'V1705004', 'V1607024', 'V1407191', 'V1407223', 'V1407432', 'V1407017', 'V1407566', 'V1408164', 'V1502015', 'V1506116', 'V1512013', 'V1512027', 'V1512031', 'V1512034', 'V1407423', 'V1407450', 'V1507098', 'V1407834', 'V1407858', 'V1407867', 'V1408007', 'V1408199', 'V1507122', 'V1505055', 'V1502033', 'V1503060', 'V1503064', 'V1504028', 'V1607025', 'V1407856', 'V1407869', 'V1506102', 'V1407141', 'V1408321', 'V1507252', 'V1507149', 'V1511016', 'V1601002', 'V1607021', 'V1509001', 'V1801026', 'V1408436', 'V1512041', 'V1407111', 'V1407230', 'V1407240', 'V1409122', 'V1407843', 'V1508022', 'V1703027', 'V1601007', 'V1407300', 'V1409030', 'V1412004', 'V1506063', 'V1506065', 'V1408439', 'V1504057', 'V1506081', 'V1510026', 'V1605040', 'V1609009', 'V1703014', 'V1510001', 'V1407180', 'V1407690', 'V1407389', 'V1407620', 'V1408106', 'V1506073', 'V1510023', 'V1607003', 'V1607007', 'V1407319', 'V1605027', 'V1407564', 'V1407569', 'V1408438', 'V1409013', 'V1510014', 'V1606017', 'V1607019', 'V1501031', 'V1408167', 'V1604041', 'V1707015', 'V1712015', 'V1801010', 'V1501037', 'V1501046', 'V1502017', 'V1502034', 'V1702003', 'V1407565', 'V1407619', 'V1407823', 'V1407841', 'V1502006', 'V1503066', 'V1504053', 'V1507145', 'V1507147', 'V1412006', 'V1412033', 'V1407416', 'V1407239', 'V1407289', 'V1412009', 'V1408086', 'V1506122', 'V1511028', 'V1412027', 'V1501026', 'V1501041', 'V1502005', 'V1502012', 'V1502032', 'V1608020', 'V1407806', 'V1407840', 'V1407414', 'V1407812', 'V1509043', 'V1511011', 'V1804004', 'V1505037', 'V1505041', 'V1408277', 'V1408319', 'V1408323', 'V1411001', 'V1603018', 'V1603034', 'V1407303', 'V1407452', 'V1407563', 'V1407394', 'V1407496', 'V1407146', 'V1505035', 'V1408443', 'V1501040', 'V1502016', 'V1512002', 'V1512023', 'V1605001', 'V1612020', 'V1407549', 'V1407568', 'V1407299', 'V1409099', 'V1505064', 'V1410011', 'V1411049', 'V1412010', 'V1706019', 'V1709004', 'V1407688', 'V1407691', 'V1407692', 'V1706011', 'V1706026', 'V1510004']","['上海XXXXXXXXXXXXXX公司', '广州XXXXXXXXXXXXXX公司', '潍坊XXXXXXXXXXXXXX公司', '广州XXXXXXXXXXXXXX公司', '广州XXXXXXXXXXXXXX公司', '广州XXXXXXXXXXXXXX公司', '广州XXXXXXXXXXXXXX公司', '广州XXXXXXXXXXXXXX公司', '广州XXXXXXXXXXXXXX衣店', '广州XXXXXXXXXXXXXX公司', '广州XXXXXXXXXXXXXX公司', '广州XXXXXXXXXXXXXX公司', '广州XXXXXXXXXXXXXX公司', '广州XXXXXXXXXXXXXX公司', '广州XXXXXXXXXXXXXX务部', '广州XXXXXXXXXXXXXX公司', '广州XXXXXXXXXXXXXX公司', '日立XXXXXXXXXXXXXX公司', '广州XXXXXXXXXXXXXX公司', '广州XXXXXXXXXXXXXX公司', '广州XXXXXXXXXXXXXX公司', '广州XXXXXXXXXXXXXX公司', '广州XXXXXXXXXXXXXX务部', '广州XXXXXXXXXXXXXX公司', '广州XXXXXXXXXXXXXX务部', '广州XXXXXXXXXXXXXX公司', '广州XXXXXXXXXXXXXX公司', '广州XXXXXXXXXXXXXX公司', '广州XXXXXXXXXXXXXX公司', '广州XXXXXXXXXXXXXX务部', '广州XXXXXXXXXXXXXX公司', '广州XXXXXXXXXXXXXX公司', '广州XXXXXXXXXXXXXX衣厂', '广州XXXXXXXXXXXXXX公司', '广州XXXXXXXXXXXXXX商行', '深圳XXXXXXXXXXXXXX公司', '广州XXXXXXXXXXXXXX公司', '广州XXXXXXXXXXXXXX公司', '广州XXXXXXXXXXXXXX货店', '广州XXXXXXXXXXXXXX中心', '广州XXXXXXXXXXXXXX务部', '广州XXXXXXXXXXXXXX公司', '广州XXXXXXXXXXXXXX公司', '广州XXXXXXXXXXXXXX公司', '广州XXXXXXXXXXXXXX修部', '广州XXXXXXXXXXXXXX务部', '广州XXXXXXXXXXXXXX公司', '广州XXXXXXXXXXXXXX衣店', '广州XXXXXXXXXXXXXX公司', '广州XXXXXXXXXXXXXX公司', '广州XXXXXXXXXXXXXX用)', '广州XXXXXXXXXXXXXX公司', '广州XXXXXXXXXXXXXX公司', '广东XXXXXXXXXXXXXX公司', '广东XXXXXXXXXXXXXX公司', '广州XXXXXXXXXXXXXX公司', '广州XXXXXXXXXXXXXX公司', '广州XXXXXXXXXXXXXX公司', '广州XXXXXXXXXXXXXX公司', '广州XXXXXXXXXXXXXX营部', '广州XXXXXXXXXXXXXX公司', '广州XXXXXXXXXXXXXX公司', '广州XXXXXXXXXXXXXX公司', '广州XXXXXXXXXXXXXX公司', '广州XXXXXXXXXXXXXX公司', '广州XXXXXXXXXXXXXX作厂', '广州XXXXXXXXXXXXXX公司', '广州XXXXXXXXXXXXXX公司', '广州XXXXXXXXXXXXXX公司', '广州XXXXXXXXXXXXXX公司', '广州XXXXXXXXXXXXXX公司', '广州XXXXXXXXXXXXXX公司', '广东XXXXXXXXXXXXXX公司', '广州XXXXXXXXXXXXXX公司', '广州XXXXXXXXXXXXXX公司', '广州XXXXXXXXXXXXXX公司', '广州XXXXXXXXXXXXXX公司', '广州XXXXXXXXXXXXXX公司', '广州XXXXXXXXXXXXXX公司', '广州XXXXXXXXXXXXXX公司', '增城XXXXXXXXXXXXXX漂厂', '广州XXXXXXXXXXXXXX公司', '广州XXXXXXXXXXXXXX公司', '广州XXXXXXXXXXXXXX务部', '广州XXXXXXXXXXXXXX公司', '广州XXXXXXXXXXXXXX货店', '广州XXXXXXXXXXXXXX中心', '广州XXXXXXXXXXXXXX公司', '广州XXXXXXXXXXXXXX公司', '广州XXXXXXXXXXXXXX公司', '广州XXXXXXXXXXXXXX公司', '广州XXXXXXXXXXXXXX公司', '广州XXXXXXXXXXXXXX公司', '广州XXXXXXXXXXXXXX务部', '广州XXXXXXXXXXXXXX公司', '广州XXXXXXXXXXXXXX公司', '广州XXXXXXXXXXXXXX公司', '广州XXXXXXXXXXXXXX公司', '广州XXXXXXXXXXXXXX公司', '广州XXXXXXXXXXXXXX公司', '广州XXXXXXXXXXXXXX公司', '广州XXXXXXXXXXXXXX商行', '广州XXXXXXXXXXXXXX公司', '广州XXXXXXXXXXXXXX公司', '广州XXXXXXXXXXXXXX公司', '广州XXXXXXXXXXXXXX公司', '广州XXXXXXXXXXXXXX公司', '广州XXXXXXXXXXXXXX公司', '广州XXXXXXXXXXXXXX公司', '广州XXXXXXXXXXXXXX公司', '广州XXXXXXXXXXXXXX艺厂', '广州XXXXXXXXXXXXXX务部', '广州XXXXXXXXXXXXXX工部', '广州XXXXXXXXXXXXXX公司', '广州XXXXXXXXXXXXXX公司', '广州XXXXXXXXXXXXXX公司', '广州XXXXXXXXXXXXXX公司', '广州XXXXXXXXXXXXXX公司', '宇大XXXXXXXXXXXXXX公司', '广州XXXXXXXXXXXXXX公司', '日照XXXXXXXXXXXXXX公司', '广州XXXXXXXXXXXXXX公司', '广州XXXXXXXXXXXXXX公司', '广东XXXXXXXXXXXXXX公司', '广东XXXXXXXXXXXXXX公司', '广州XXXXXXXXXXXXXX公司', '广州XXXXXXXXXXXXXX公司', '广州XXXXXXXXXXXXXX公司', '广州XXXXXXXXXXXXXX衣厂', '广州XXXXXXXXXXXXXX公司', '广州XXXXXXXXXXXXXX公司', '广州XXXXXXXXXXXXXX公司', '广州XXXXXXXXXXXXXX公司', '广州XXXXXXXXXXXXXX公司', '中国XXXXXXXXXXXXXX公司', '测试XXXXXXXXXXXXXX公司', '广州XXXXXXXXXXXXXX公司', '广州XXXXXXXXXXXXXX公司', '广州XXXXXXXXXXXXXX公司', '天意XXXXXXXXXXXXXX公司', '广州XXXXXXXXXXXXXX公司', '广州XXXXXXXXXXXXXX公司', '广州XXXXXXXXXXXXXX公司', '广州XXXXXXXXXXXXXX中心', '广州XXXXXXXXXXXXXX公司', '广州XXXXXXXXXXXXXX洗店', '广州XXXXXXXXXXXXXX涤厂', '广州XXXXXXXXXXXXXX洗店', '广州XXXXXXXXXXXXXX公司', '广州XXXXXXXXXXXXXX公司', '广州XXXXXXXXXXXXXX公司', '广州XXXXXXXXXXXXXX公司', '广州XXXXXXXXXXXXXX公司', '广州XXXXXXXXXXXXXX务部', '广州XXXXXXXXXXXXXX公司', '广州XXXXXXXXXXXXXX公司', '广州XXXXXXXXXXXXXX公司', '广州XXXXXXXXXXXXXX公司', '广州XXXXXXXXXXXXXX营部', '广州XXXXXXXXXXXXXX公司', '广州XXXXXXXXXXXXXX公司', '广州XXXXXXXXXXXXXX公司', '广州XXXXXXXXXXXXXX公司', '广州XXXXXXXXXXXXXX公司', '中金XXXXXXXXXXXXXX公司', '广州XXXXXXXXXXXXXX务部', '广州XXXXXXXXXXXXXX公司', '广州XXXXXXXXXXXXXX公司', '广州XXXXXXXXXXXXXX公司', '广州XXXXXXXXXXXXXX公司', '广州XXXXXXXXXXXXXX公司', '广州XXXXXXXXXXXXXX公司', '广州XXXXXXXXXXXXXX公司', '广州XXXXXXXXXXXXXX公司', '广州XXXXXXXXXXXXXX公司', '广州XXXXXXXXXXXXXX公司', '广州XXXXXXXXXXXXXX货店', '广州XXXXXXXXXXXXXX营部', '广州XXXXXXXXXXXXXX公司', '广州XXXXXXXXXXXXXX公司', '广州XXXXXXXXXXXXXX公司']",181
广东省深圳市,"['V1407038', 'V1407115', 'V1407667', 'V1408378', 'V1504067', 'V1504045', 'V1505030', 'V1604015', 'V1608031', 'V1407005', 'V1408194', 'V1502004', 'V1507337', 'V1505060', 'V1704008', 'V1407209', 'V1407210', 'V1408208', 'V1502011', 'V1505069', 'V1512035', 'V1407379', 'V1507132', 'V1407743', 'V1407825', 'V1605038', 'V1506136', 'V1407081', 'V1501030', 'V1601020', 'V1605025', 'V1407024', 'V1407004', 'V1407033', 'V1408035', 'V1408036', 'V1412005', 'V1412029', 'V1506114', 'V1507105', 'V1706006', 'V1407233', 'V1407404', 'V1412007', 'V1411042', 'V1408380', 'V1504054', 'V1609024', 'V1407204', 'V1407590', 'V1408061', 'V1507133', 'V1504037', 'V1407592', 'V1409058', 'V1409028', 'V1409059', 'V1511002', 'V1511019', 'V1605048', 'V1407739', 'V1407740', 'V1407588', 'V1407375', 'V1507102', 'V1507106', 'V1610004', 'V1407591', 'V1407410', 'V1408126', 'V1507101', 'V1407422', 'V1407193', 'V1407242', 'V1411026', 'V1411022', 'V1506097', 'V1501044', 'V1407833', 'V1502023', 'V1408291', 'V1408376', 'V1408141', 'V1605022', 'V1506001', 'V1407148', 'V1407593', 'V1407177', 'V1408131', 'V1408165', 'V1408377', 'V1605009', 'V1408037', 'V1407589', 'V1407304', 'V1407371', 'V1706002']","['深圳XXXXXXXXXXXXXX艺店', '深圳XXXXXXXXXXXXXX用)', '深圳XXXXXXXXXXXXXX公司', '深圳XXXXXXXXXXXXXX公司', '深圳XXXXXXXXXXXXXX计部', '深圳XXXXXXXXXXXXXX司 ', '深圳XXXXXXXXXXXXXX公司', '深圳XXXXXXXXXXXXXX公司', '深圳XXXXXXXXXXXXXX公司', '深圳XXXXXXXXXXXXXX营部', '深圳XXXXXXXXXXXXXX超市', '深圳XXXXXXXXXXXXXX公司', '深圳XXXXXXXXXXXXXX公司', '深圳XXXXXXXXXXXXXX公司', '深圳XXXXXXXXXXXXXX公司', '深圳XXXXXXXXXXXXXX公司', '深圳XXXXXXXXXXXXXX公司', '深圳XXXXXXXXXXXXXX公司', '深圳XXXXXXXXXXXXXX公司', '深圳XXXXXXXXXXXXXX公司', '深圳XXXXXXXXXXXXXX公司', '深圳XXXXXXXXXXXXXX售部', '深圳XXXXXXXXXXXXXX修部', '深圳XXXXXXXXXXXXXX商店', '深圳XXXXXXXXXXXXXX公司', '深圳XXXXXXXXXXXXXX公司', '深圳XXXXXXXXXXXXXX公司', '深圳XXXXXXXXXXXXXX公司', '深圳XXXXXXXXXXXXXX公司', '深圳XXXXXXXXXXXXXX公司', '深圳XXXXXXXXXXXXXX公司', '深圳XXXXXXXXXXXXXX作部', '深圳XXXXXXXXXXXXXX营部', '深圳XXXXXXXXXXXXXX金店', '深圳XXXXXXXXXXXXXX金店', '深圳XXXXXXXXXXXXXX超市', '深圳XXXXXXXXXXXXXX公司', '深圳XXXXXXXXXXXXXX公司', '深圳XXXXXXXXXXXXXX公司', '深圳XXXXXXXXXXXXXX市部', '深圳XXXXXXXXXXXXXX公司', '深圳XXXXXXXXXXXXXX公司', '深圳XXXXXXXXXXXXXX公司', '日升XXXXXXXXXXXXXX公司', '深圳XXXXXXXXXXXXXX公司', '深圳XXXXXXXXXXXXXX公司', '深圳XXXXXXXXXXXXXX修店', '深圳XXXXXXXXXXXXXX公司', '深圳XXXXXXXXXXXXXX营部', '深圳XXXXXXXXXXXXXX公司', '深圳XXXXXXXXXXXXXX公司', '深圳XXXXXXXXXXXXXX公司', '深圳XXXXXXXXXXXXXX公司', '深圳XXXXXXXXXXXXXX公司', '深圳XXXXXXXXXXXXXX公司', '深圳XXXXXXXXXXXXXX商行', '深圳XXXXXXXXXXXXXX公司', '深圳XXXXXXXXXXXXXX公司', '深圳XXXXXXXXXXXXXX公司', '深圳XXXXXXXXXXXXXX公司', '深圳XXXXXXXXXXXXXX公司', '深圳XXXXXXXXXXXXXX商店', '深圳XXXXXXXXXXXXXX公司', '深圳XXXXXXXXXXXXXX公司', '深圳XXXXXXXXXXXXXX公司', '深圳XXXXXXXXXXXXXX公司', '深圳XXXXXXXXXXXXXX公司', '深圳XXXXXXXXXXXXXX发店', '深圳XXXXXXXXXXXXXX公司', '深圳XXXXXXXXXXXXXX公司', '深圳XXXXXXXXXXXXXX公司', '深圳XXXXXXXXXXXXXX公司', '湛江XXXXXXXXXXXXXX公司', '深圳XXXXXXXXXXXXXX公司', '深圳XXXXXXXXXXXXXX公司', '深圳XXXXXXXXXXXXXX公司', '深圳XXXXXXXXXXXXXX公司', '深圳XXXXXXXXXXXXXX公司', '深圳XXXXXXXXXXXXXX公司', '深圳XXXXXXXXXXXXXX公司', '深圳XXXXXXXXXXXXXX公司', '深圳XXXXXXXXXXXXXX商行', '深圳XXXXXXXXXXXXXX中心', '深圳XXXXXXXXXXXXXX公司', '深圳XXXXXXXXXXXXXX公司', '广州XXXXXXXXXXXXXX公司', '深圳XXXXXXXXXXXXXX公司', '天基XXXXXXXXXXXXXX公司', '深圳XXXXXXXXXXXXXX公司', '深圳XXXXXXXXXXXXXX商行', '深圳XXXXXXXXXXXXXX公司', '深圳XXXXXXXXXXXXXX公司', '深圳XXXXXXXXXXXXXX公司', '深圳XXXXXXXXXXXXXX衣厂', '八马XXXXXXXXXXXXXX公司', '深圳XXXXXXXXXXXXXX修部', '深圳XXXXXXXXXXXXXX公司']",97
山东省青岛市,"['V1407051', 'V1408399', 'V1409041', 'V1507344', 'V1608022', 'V1408082', 'V1407014', 'V1409079', 'V1407052', 'V1407654', 'V1407655', 'V1407657', 'V1407658', 'V1408204', 'V1407659', 'V1407128', 'V1411033', 'V1507077', 'V1507075', 'V1509015', 'V1408395', 'V1407010', 'V1407329', 'V1408039', 'V1408040', 'V1507085', 'V1409004', 'V1408024', 'V1407656', 'V1408404', 'V1408405', 'V1408301', 'V1509011', 'V1510020', 'V1712008', 'V1410007', 'V1505034', 'V1408397', 'V1408403', 'V1408184', 'V1507076', 'V1712001', 'V1704007', 'V1408133', 'V1704006', 'V1407411', 'V1408088', 'V1608006', 'V1407850', 'V1407653', 'V1408398', 'V1408401', 'V1408402', 'V1409010', 'V1411012', 'V1506071', 'V1408396']","['青岛XXXXXXXXXXXXXX公司', '青岛XXXXXXXXXXXXXX公司', '青岛XXXXXXXXXXXXXX公司', '青岛XXXXXXXXXXXXXX公司', '青岛XXXXXXXXXXXXXX公司', '市北XXXXXXXXXXXXXX发部', '青岛XXXXXXXXXXXXXX公司', '李沧XXXXXXXXXXXXXX超市', '青岛XXXXXXXXXXXXXX新池', '市北XXXXXXXXXXXXXX商行', '青岛XXXXXXXXXXXXXX公司', '市北XXXXXXXXXXXXXX总汇', '青岛XXXXXXXXXXXXXX公司', '济南XXXXXXXXXXXXXX公司', '市北XXXXXXXXXXXXXX印社', '崂山XXXXXXXXXXXXXX务部', '市北XXXXXXXXXXXXXX商行', '市南XXXXXXXXXXXXXX营部', '青岛XXXXXXXXXXXXXX公司', '青岛XXXXXXXXXXXXXX公司', '青岛XXXXXXXXXXXXXX公司', '青岛XXXXXXXXXXXXXX公司', '市北XXXXXXXXXXXXXX商行', '李沧XXXXXXXXXXXXXX商行', '李沧XXXXXXXXXXXXXX总汇', '市北XXXXXXXXXXXXXX商行', '城阳XXXXXXXXXXXXXX修部', '青岛XXXXXXXXXXXXXX公司', '市北XXXXXXXXXXXXXX营部', '市北XXXXXXXXXXXXXX营部', '青岛XXXXXXXXXXXXXX公司', '青岛XXXXXXXXXXXXXX公司', '青岛XXXXXXXXXXXXXX公司', '青岛XXXXXXXXXXXXXX公司', '青岛XXXXXXXXXXXXXX公司', '市北XXXXXXXXXXXXXX水站', '青岛XXXXXXXXXXXXXX公司', '青岛XXXXXXXXXXXXXX贸行', '青岛XXXXXXXXXXXXXX公司', '市北XXXXXXXXXXXXXX商店', '青岛XXXXXXXXXXXXXX公司', '市南XXXXXXXXXXXXXX营部', '黄岛XXXXXXXXXXXXXX作室', '青岛XXXXXXXXXXXXXX营部', '青岛XXXXXXXXXXXXXX公司', '市北XXXXXXXXXXXXXX商行', '青岛XXXXXXXXXXXXXX公司', '青岛XXXXXXXXXXXXXX公司', '青岛XXXXXXXXXXXXXX公司', '市北XXXXXXXXXXXXXX商行', '青岛XXXXXXXXXXXXXX公司', '青岛XXXXXXXXXXXXXX商行', '市北XXXXXXXXXXXXXX中心', '青岛XXXXXXXXXXXXXX公司', '市北XXXXXXXXXXXXXX总汇', '青岛XXXXXXXXXXXXXX公司', '青岛XXXXXXXXXXXXXX公司']",57
上海市上海市,"['V1407281', 'V1408384', 'V1407179', 'V1407809', 'V1407735', 'V1408292', 'V1407587', 'V1502038', 'V1407737', 'V1504025', 'V1412016', 'V1509013', 'V1509050', 'V1407354', 'V1407352', 'V1407278', 'V1407353', 'V1407277', 'V1412015', 'V1412030', 'V1505067', 'V1408383', 'V1408385', 'V1511005', 'V1512026', 'V1606003', 'V1601035', 'V1408387', 'V1606001', 'V1606009', 'V1407586', 'V1407276', 'V1407279', 'V1409083', 'V1407668', 'V1409011', 'V1408293', 'V1704003', 'V1502009', 'V1509041', 'V1801041', 'V1412011', 'V1412035', 'V1603017', 'V1604007', 'V1409070', 'V1506109', 'V1804002', 'V1408382', 'V1407426', 'V1407187', 'V1407734', 'V1408386', 'V1704011', 'V1407280', 'V1407351']","['上海XXXXXXXXXXXXXX公司', '上海XXXXXXXXXXXXXX公司', '上海XXXXXXXXXXXXXX公司', '上海XXXXXXXXXXXXXX公司', '上海XXXXXXXXXXXXXX公司', '上海XXXXXXXXXXXXXX公司', '上海XXXXXXXXXXXXXX公司', '上海XXXXXXXXXXXXXX公司', '上海XXXXXXXXXXXXXX公司', '上海XXXXXXXXXXXXXX公司', '上海XXXXXXXXXXXXXX公司', '上海XXXXXXXXXXXXXX公司', '上海XXXXXXXXXXXXXX公司', '上海XXXXXXXXXXXXXX公司', '上海XXXXXXXXXXXXXX公司', '上海XXXXXXXXXXXXXX公司', '上海XXXXXXXXXXXXXX公司', '上海XXXXXXXXXXXXXX公司', '上海XXXXXXXXXXXXXX公司', '上海XXXXXXXXXXXXXX公司', '上海XXXXXXXXXXXXXX公司', '上海XXXXXXXXXXXXXX公司', '上海XXXXXXXXXXXXXX公司', '源铭XXXXXXXXXXXXXX公司', '上海XXXXXXXXXXXXXX公司', '上海XXXXXXXXXXXXXX公司', '上海XXXXXXXXXXXXXX公司', '上海XXXXXXXXXXXXXX公司', '上海XXXXXXXXXXXXXX公司', '上海XXXXXXXXXXXXXX废）', '日春XXXXXXXXXXXXXX务社', '上海XXXXXXXXXXXXXX公司', '上海XXXXXXXXXXXXXX公司', '上海XXXXXXXXXXXXXX公司', '上海XXXXXXXXXXXXXX公司', '上海XXXXXXXXXXXXXX公司', '上海XXXXXXXXXXXXXX公司', '上海XXXXXXXXXXXXXX公司', '上海XXXXXXXXXXXXXX公司', '上海XXXXXXXXXXXXXX公司', '上海XXXXXXXXXXXXXX公司', '上海XXXXXXXXXXXXXX公司', '上海XXXXXXXXXXXXXX公司', '上海XXXXXXXXXXXXXX公司', '上海XXXXXXXXXXXXXX务部', '上海XXXXXXXXXXXXXX商店', '上海XXXXXXXXXXXXXX公司', '格兰XXXXXXXXXXXXXX公司', '上海XXXXXXXXXXXXXX公司', '上海XXXXXXXXXXXXXX公司', '飞雕XXXXXXXXXXXXXX公司', '上海XXXXXXXXXXXXXX公司', '上海XXXXXXXXXXXXXX务社', '上海XXXXXXXXXXXXXX公司', '上海XXXXXXXXXXXXXX公司', '上海XXXXXXXXXXXXXX公司']",56
湖北省武汉市,"['V1407087', 'V1407131', 'V1407207', 'V1409057', 'V1609019', 'V1612014', 'V1407445', 'V1501043', 'V1502001', 'V1407189', 'V1407600', 'V1410014', 'V1507299', 'V1506106', 'V1512029', 'V1512008', 'V1507087', 'V1407760', 'V1407761', 'V1408176', 'V1609011', 'V1407602', 'V1409114', 'V1501042', 'V1407323', 'V1408005', 'V1410019', 'V1407480', 'V1511026', 'V1507205', 'V1509061', 'V1505061', 'V1509032', 'V1407599', 'V1409063', 'V1608014', 'V1608004', 'V1505036', 'V1407765', 'V1408113', 'V1407622', 'V1408110', 'V1408095', 'V1705015', 'V1407197', 'V1409084', 'V1506083', 'V1510010', 'V1407509', 'V1801037', 'V1407086', 'V1408367', 'V1408145', 'V1408175', 'V1604019']","['武汉XXXXXXXXXXXXXX务部', '武汉XXXXXXXXXXXXXX用)', '武汉XXXXXXXXXXXXXX公司', '武汉XXXXXXXXXXXXXX公司', '湖北XXXXXXXXXXXXXX公司', '武汉XXXXXXXXXXXXXX公司', '武汉XXXXXXXXXXXXXX营部', '武汉XXXXXXXXXXXXXX商店', '武汉XXXXXXXXXXXXXX公司', '武汉XXXXXXXXXXXXXX公司', '武汉XXXXXXXXXXXXXX公司', '武汉XXXXXXXXXXXXXX公司', '武汉XXXXXXXXXXXXXX公司', '武汉XXXXXXXXXXXXXX修部', '武汉XXXXXXXXXXXXXX公司', '武汉XXXXXXXXXXXXXX公司', '武汉XXXXXXXXXXXXXX公司', '武汉XXXXXXXXXXXXXX商行', '武汉XXXXXXXXXXXXXX公司', '武汉XXXXXXXXXXXXXX商行', '湖北XXXXXXXXXXXXXX公司', '武汉XXXXXXXXXXXXXX公司', '武汉XXXXXXXXXXXXXX中心', '武汉XXXXXXXXXXXXXX务部', '武汉XXXXXXXXXXXXXX公司', '市北XXXXXXXXXXXXXX中心', '武汉XXXXXXXXXXXXXX营部', '武汉XXXXXXXXXXXXXX公司', '武汉XXXXXXXXXXXXXX公司', '武汉XXXXXXXXXXXXXX公司', '武汉XXXXXXXXXXXXXX中心', '武汉XXXXXXXXXXXXXX公司', '武汉XXXXXXXXXXXXXX修部', '武汉XXXXXXXXXXXXXX营部', '武汉XXXXXXXXXXXXXX公司', '武汉XXXXXXXXXXXXXX公司', '武汉XXXXXXXXXXXXXX公司', '武汉XXXXXXXXXXXXXX营部', '武汉XXXXXXXXXXXXXX营部', '武汉XXXXXXXXXXXXXX营部', '武汉XXXXXXXXXXXXXX商店', '武汉XXXXXXXXXXXXXX公司', '武汉XXXXXXXXXXXXXX公司', '武汉XXXXXXXXXXXXXX公司', '汉川XXXXXXXXXXXXXX公司', '武汉XXXXXXXXXXXXXX商行', '武汉XXXXXXXXXXXXXX公司', '武汉XXXXXXXXXXXXXX公司', '武汉XXXXXXXXXXXXXX务部', '湖北XXXXXXXXXXXXXX公司', '武汉XXXXXXXXXXXXXX公司', '武汉XXXXXXXXXXXXXX营部', '武汉XXXXXXXXXXXXXX公司', '武汉XXXXXXXXXXXXXX营部', '武汉XXXXXXXXXXXXXX公司']",55
北京市北京市,"['V1407284', 'V1409075', 'V1603020', 'V1407459', 'V1504005', 'V1407003', 'V1407025', 'V1407558', 'V1408458', 'V1409074', 'V1502018', 'V1504003', 'V1507304', 'V1512011', 'V1407428', 'V1504027', 'V1407055', 'V1507263', 'V1408046', 'V1410021', 'V1507224', 'V1612019', 'V1407294', 'V1409024', 'V1409048', 'V1802007', 'V1407340', 'V1512024', 'V1407393', 'V1508020', 'V1603015', 'V1610003', 'V1408112', 'V1609012', 'V1609014', 'V1611009', 'V1703003', 'V1704016', 'V1407285', 'V1411036', 'V1701003', 'V1407405', 'V1603039', 'V1407023', 'V1507254', 'V1407506', 'V1407552', 'V1512017', 'V1705012', 'V1409039', 'V1409098', 'V1509060', 'V1706016', 'V1407672']","['芦淞XXXXXXXXXXXXXX作室', '北京XXXXXXXXXXXXXX公司', '北京XXXXXXXXXXXXXX公司', '北京XXXXXXXXXXXXXX公司', '北京XXXXXXXXXXXXXX公司', '福宏XXXXXXXXXXXXXX公司', '北京XXXXXXXXXXXXXX公司', '北京XXXXXXXXXXXXXX公司', '北京XXXXXXXXXXXXXX超市', '北京XXXXXXXXXXXXXX公司', '北京XXXXXXXXXXXXXX公司', '襄阳XXXXXXXXXXXXXX公司', '北京XXXXXXXXXXXXXX公司', '北京XXXXXXXXXXXXXX公司', '北京XXXXXXXXXXXXXX公司', '艺景XXXXXXXXXXXXXX公司', '北京XXXXXXXXXXXXXX公司', '北京XXXXXXXXXXXXXX公司', '北京XXXXXXXXXXXXXX中心', '北京XXXXXXXXXXXXXX公司', '北京XXXXXXXXXXXXXX公司', '北京XXXXXXXXXXXXXX公司', '北京XXXXXXXXXXXXXX四所', '北京XXXXXXXXXXXXXX公司', '北京XXXXXXXXXXXXXX公司', '北京XXXXXXXXXXXXXX公司', '北京XXXXXXXXXXXXXX公司', '北京XXXXXXXXXXXXXX公司', '北京XXXXXXXXXXXXXX公司', '北京XXXXXXXXXXXXXX品厂', '北京XXXXXXXXXXXXXX公司', '北京XXXXXXXXXXXXXX公司', '北京XXXXXXXXXXXXXX公司', '北京XXXXXXXXXXXXXX公司', '北京XXXXXXXXXXXXXX公司', '北京XXXXXXXXXXXXXX公司', '京华XXXXXXXXXXXXXX公司', '京洁XXXXXXXXXXXXXX公司', '巨人XXXXXXXXXXXXXX公司', '北京XXXXXXXXXXXXXX公司', '北京XXXXXXXXXXXXXX公司', '北京XXXXXXXXXXXXXX公司', '北京XXXXXXXXXXXXXX公司', '北京XXXXXXXXXXXXXX公司', '北京XXXXXXXXXXXXXX公司', '北京XXXXXXXXXXXXXX中心', '北京XXXXXXXXXXXXXX公司', '北京XXXXXXXXXXXXXX公司', '北京XXXXXXXXXXXXXX公司', '北京XXXXXXXXXXXXXX中心', '北京XXXXXXXXXXXXXX公司', '北京XXXXXXXXXXXXXX公司', '北京XXXXXXXXXXXXXX公司', '北京XXXXXXXXXXXXXX公司']",54
四川省成都市,"['V1407078', 'V1409067', 'V1507141', 'V1505074', 'V1408045', 'V1607002', 'V1506060', 'V1512009', 'V1602007', 'V1407409', 'V1407852', 'V1606021', 'V1611003', 'V1407079', 'V1501007', 'V1801043', 'V1511010', 'V1512039', 'V1408009', 'V1408027', 'V1408044', 'V1408453', 'V1507190', 'V1507217', 'V1803003', 'V1407305', 'V1407362', 'V1605008', 'V1408451', 'V1510015', 'V1606011', 'V1608013', 'V1407621', 'V1407636', 'V1407363', 'V1407365', 'V1509022', 'V1407849', 'V1504076', 'V1507212', 'V1705002', 'V1408090', 'V1501017', 'V1408172', 'V1510030', 'V1408450', 'V1408452', 'V1408456', 'V1407364', 'V1407383', 'V1408454', 'V1408455', 'V1604008', 'V1407685']","['成都XXXXXXXXXXXXXX公司', '四川XXXXXXXXXXXXXX公司', '成都XXXXXXXXXXXXXX公司', '成都XXXXXXXXXXXXXX公司', '成都XXXXXXXXXXXXXX公司', '成都XXXXXXXXXXXXXX公司', '成都XXXXXXXXXXXXXX公司', '成都XXXXXXXXXXXXXX公司', '成都XXXXXXXXXXXXXX公司', '成都XXXXXXXXXXXXXX公司', '成都XXXXXXXXXXXXXX公司', '成都XXXXXXXXXXXXXX公司', '卡弗XXXXXXXXXXXXXX弗莱', '四川XXXXXXXXXXXXXX公司', '四川XXXXXXXXXXXXXX公司', '四川XXXXXXXXXXXXXX公司', '龙泉XXXXXXXXXXXXXX务部', '成都XXXXXXXXXXXXXX公司', '成都XXXXXXXXXXXXXX公司', '成都XXXXXXXXXXXXXX金店', '成都XXXXXXXXXXXXXX公司', '武侯XXXXXXXXXXXXXX营部', '成都XXXXXXXXXXXXXX公司', '成都XXXXXXXXXXXXXX公司', '成都XXXXXXXXXXXXXX公司', '四川XXXXXXXXXXXXXX公司', '成都XXXXXXXXXXXXXX公司', '成都XXXXXXXXXXXXXX公司', '金牛XXXXXXXXXXXXXX计室', '龙泉XXXXXXXXXXXXXX务部', '成都XXXXXXXXXXXXXX公司', '四川XXXXXXXXXXXXXX公司', '成都XXXXXXXXXXXXXX公司', '武侯XXXXXXXXXXXXXX营部', '青羊XXXXXXXXXXXXXX营部', '成都XXXXXXXXXXXXXX公司', '成都XXXXXXXXXXXXXX公司', '成都XXXXXXXXXXXXXX公司', '成都XXXXXXXXXXXXXX公司', '成都XXXXXXXXXXXXXX公司', '成都XXXXXXXXXXXXXX公司', '成都XXXXXXXXXXXXXX公司', '四川XXXXXXXXXXXXXX公司', '青羊XXXXXXXXXXXXXX超市', '成都XXXXXXXXXXXXXX公司', '金牛XXXXXXXXXXXXXX商行', '金牛XXXXXXXXXXXXXX营部', '金牛XXXXXXXXXXXXXX营部', '四川XXXXXXXXXXXXXX公司', '龙泉XXXXXXXXXXXXXX务部', '金牛XXXXXXXXXXXXXX营部', '锦江XXXXXXXXXXXXXX金店', '四川XXXXXXXXXXXXXX公司', '成都XXXXXXXXXXXXXX公司']",54
陕西省西安市,"['V1409073', 'V1409078', 'V1603019', 'V1504038', 'V1504041', 'V1601015', 'V1407198', 'V1408280', 'V1502010', 'V1504026', 'V1407605', 'V1408210', 'V1407769', 'V1407770', 'V1408211', 'V1407771', 'V1407767', 'V1407773', 'V1601004', 'V1407001', 'V1507081', 'V1407334', 'V1407382', 'V1407229', 'V1504036', 'V1504064', 'V1506101', 'V1608003', 'V1612028', 'V1408363', 'V1408365', 'V1407335', 'V1504040', 'V1409068', 'V1409003', 'V1607016', 'V1407774', 'V1407606', 'V1507110', 'V1507082', 'V1507083', 'V1407442', 'V1507109', 'V1507171', 'V1407604', 'V1407607', 'V1407443', 'V1407254', 'V1408359', 'V1408364', 'V1804001', 'V1407109', 'V1407136', 'V1601032']","['西安XXXXXXXXXXXXXX公司', '西安XXXXXXXXXXXXXX销部', '西安XXXXXXXXXXXXXX公司', '陕西XXXXXXXXXXXXXX公司', '西安XXXXXXXXXXXXXX公司', '西安XXXXXXXXXXXXXX公司', '陕西XXXXXXXXXXXXXX公司', '西安XXXXXXXXXXXXXX公司', '西安XXXXXXXXXXXXXX商行', '西安XXXXXXXXXXXXXX公司', '西安XXXXXXXXXXXXXX公司', '西安XXXXXXXXXXXXXX公司', '西安XXXXXXXXXXXXXX超市', '陕西XXXXXXXXXXXXXX公司', '西安XXXXXXXXXXXXXX公司', '西安XXXXXXXXXXXXXX商行', '西安XXXXXXXXXXXXXX公司', '西安XXXXXXXXXXXXXX公司', '西安XXXXXXXXXXXXXX公司', '西安XXXXXXXXXXXXXX营部', '西安XXXXXXXXXXXXXX公司', '西安XXXXXXXXXXXXXX作室', '西安XXXXXXXXXXXXXX销部', '陕西XXXXXXXXXXXXXX公司', '西安XXXXXXXXXXXXXX公司', '西安XXXXXXXXXXXXXX公司', '陕西XXXXXXXXXXXXXX公司', '西安XXXXXXXXXXXXXX公司', '西安XXXXXXXXXXXXXX公司', '西安XXXXXXXXXXXXXX公司', '西安XXXXXXXXXXXXXX公司', '西安XXXXXXXXXXXXXX商行', '西安XXXXXXXXXXXXXX公司', '西安XXXXXXXXXXXXXX营部', '陕西XXXXXXXXXXXXXX公司', '西安XXXXXXXXXXXXXX公司', '泉州XXXXXXXXXXXXXX公司', '西安XXXXXXXXXXXXXX公司', '西安XXXXXXXXXXXXXX公司', '西安XXXXXXXXXXXXXX公司', '陕西XXXXXXXXXXXXXX饭店', '西安XXXXXXXXXXXXXX公司', '西安XXXXXXXXXXXXXX公司', '西安XXXXXXXXXXXXXX涤部', '西安XXXXXXXXXXXXXX公司', '西安XXXXXXXXXXXXXX公司', '西安XXXXXXXXXXXXXX公司', '陕西XXXXXXXXXXXXXX公司', '陕西XXXXXXXXXXXXXX公司', '西安XXXXXXXXXXXXXX公司', '西安XXXXXXXXXXXXXX公司', '西安XXXXXXXXXXXXXX务部', '陕西XXXXXXXXXXXXXX公司', '西安XXXXXXXXXXXXXX务部']",54
湖南省长沙市,"['V1407096', 'V1603023', 'V1407130', 'V1407169', 'V1411029', 'V1407784', 'V1612015', 'V1407022', 'V1801018', 'V1608025', 'V1609026', 'V1506105', 'V1407041', 'V1411009', 'V1407021', 'V1410005', 'V1507042', 'V1407316', 'V1407458', 'V1407170', 'V1407268', 'V1506084', 'V1407093', 'V1407785', 'V1408357', 'V1506075', 'V1503043', 'V1407266', 'V1407269', 'V1407788', 'V1407315', 'V1409052', 'V1603035', 'V1605016', 'V1407420', 'V1407475', 'V1803017', 'V1407265', 'V1407156', 'V1407094', 'V1411010', 'V1602010', 'V1603033', 'V1407407', 'V1407311', 'V1410009', 'V1411008', 'V1509057']","['袁华XXXXXXXXXXXXXX华风', '湖南XXXXXXXXXXXXXX公司', '长沙XXXXXXXXXXXXXX饰店', '长沙XXXXXXXXXXXXXX公司', '湖南XXXXXXXXXXXXXX公司', '长沙XXXXXXXXXXXXXX公司', '长沙XXXXXXXXXXXXXX公司', '湖南XXXXXXXXXXXXXX公司', '湖南XXXXXXXXXXXXXX公司', '湖南XXXXXXXXXXXXXX公司', '湖南XXXXXXXXXXXXXX公司', '长沙XXXXXXXXXXXXXX公司', '益阳XXXXXXXXXXXXXX超市', '长沙XXXXXXXXXXXXXX商行', '长沙XXXXXXXXXXXXXX水站', '长沙XXXXXXXXXXXXXX涤厂', '湖南XXXXXXXXXXXXXX公司', '长沙XXXXXXXXXXXXXX务部', '长沙XXXXXXXXXXXXXX公司', '长沙XXXXXXXXXXXXXX商行', '长沙XXXXXXXXXXXXXX商行', '长沙XXXXXXXXXXXXXX公司', '胡雄XXXXXXXXXXXXXX胡雄', '长沙XXXXXXXXXXXXXX营部', '湖南XXXXXXXXXXXXXX公司', '长沙XXXXXXXXXXXXXX涤厂', '湖南XXXXXXXXXXXXXX公司', '长沙XXXXXXXXXXXXXX营部', '长沙XXXXXXXXXXXXXX公司', '长沙XXXXXXXXXXXXXX公司', '长沙XXXXXXXXXXXXXX营部', '长沙XXXXXXXXXXXXXX商行', '湖南XXXXXXXXXXXXXX公司', '长沙XXXXXXXXXXXXXX公司', '长沙XXXXXXXXXXXXXX水站', '长沙XXXXXXXXXXXXXX营部', '湖南XXXXXXXXXXXXXX公司', '长沙XXXXXXXXXXXXXX营部', '长沙XXXXXXXXXXXXXX营部', '徐荣XXXXXXXXXXXXXX荣华', '长沙XXXXXXXXXXXXXX作部', '湖南XXXXXXXXXXXXXX公司', '湖南XXXXXXXXXXXXXX公司', '长沙XXXXXXXXXXXXXX作部', '湖南XXXXXXXXXXXXXX公司', '长沙XXXXXXXXXXXXXX公司', '长沙XXXXXXXXXXXXXX商行', '长沙XXXXXXXXXXXXXX公司']",48
重庆市重庆市,"['V1609018', 'V1407870', 'V1612013', 'V1407358', 'V1407794', 'V1408195', 'V1503031', 'V1507079', 'V1705017', 'V1407214', 'V1407355', 'V1407174', 'V1407212', 'V1407190', 'V1605029', 'V1407262', 'V1409089', 'V1504058', 'V1504068', 'V1409020', 'V1702006', 'V1803006', 'V1407792', 'V1508069', 'V1407195', 'V1407213', 'V1407105', 'V1408351', 'V1507209', 'V1407173', 'V1408116', 'V1407263', 'V1407617', 'V1509036']","['渝北XXXXXXXXXXXXXX营部', '重庆XXXXXXXXXXXXXX公司', '重庆XXXXXXXXXXXXXX公司', '四川XXXXXXXXXXXXXX公司', '重庆XXXXXXXXXXXXXX公司', '重庆XXXXXXXXXXXXXX公司', '重庆XXXXXXXXXXXXXX公司', '永川XXXXXXXXXXXXXX衣厂', '重庆XXXXXXXXXXXXXX公司', '重庆XXXXXXXXXXXXXX公司', '重庆XXXXXXXXXXXXXX公司', '重庆XXXXXXXXXXXXXX公司', '高新XXXXXXXXXXXXXX商行', '重庆XXXXXXXXXXXXXX公司', '重庆XXXXXXXXXXXXXX公司', '重庆XXXXXXXXXXXXXX公司', '重庆XXXXXXXXXXXXXX衣厂', '重庆XXXXXXXXXXXXXX公司', '重庆XXXXXXXXXXXXXX公司', '重庆XXXXXXXXXXXXXX营部', '重庆XXXXXXXXXXXXXX公司', '重庆XXXXXXXXXXXXXX公司', '渝中XXXXXXXXXXXXXX营部', '重庆XXXXXXXXXXXXXX公司', '重庆XXXXXXXXXXXXXX营部', '高新XXXXXXXXXXXXXX商行', '重庆XXXXXXXXXXXXXX公司', '重庆XXXXXXXXXXXXXX公司', '重庆XXXXXXXXXXXXXX公司', '重庆XXXXXXXXXXXXXX公司', '重庆XXXXXXXXXXXXXX衣厂', '重庆XXXXXXXXXXXXXX公司', '重庆XXXXXXXXXXXXXX公司', '重庆XXXXXXXXXXXXXX务部']",34
广东省佛山市,"['V1407231', 'V1408055', 'V1407638', 'V1409031', 'V1504062', 'V1601019', 'V1507120', 'V1412037', 'V1507071', 'V1507119', 'V1507121', 'V1509035', 'V1511007', 'V1407228', 'V1410003', 'V1407846', 'V1407530', 'V1612025', 'V1408445', 'V1409062', 'V1512005', 'V1608023', 'V1408104', 'V1502024', 'V1504063', 'V1411043', 'V1409091', 'V1501032', 'V1408324', 'V1510035', 'V1407067', 'V1703012', 'V1707002']","['佛山XXXXXXXXXXXXXX公司', '佛山XXXXXXXXXXXXXX公司', '佛山XXXXXXXXXXXXXX商行', '佛山XXXXXXXXXXXXXX货店', '佛山XXXXXXXXXXXXXX公司', '佛山XXXXXXXXXXXXXX公司', '佛山XXXXXXXXXXXXXX公司', '佛山XXXXXXXXXXXXXX公司', '佛山XXXXXXXXXXXXXX公司', '佛山XXXXXXXXXXXXXX衣部', '佛山XXXXXXXXXXXXXX务部', '佛山XXXXXXXXXXXXXX公司', '佛山XXXXXXXXXXXXXX公司', '佛山XXXXXXXXXXXXXX莎）', '佛山XXXXXXXXXXXXXX公司', '广东XXXXXXXXXXXXXX公司', '佛山XXXXXXXXXXXXXX公司', '佛山XXXXXXXXXXXXXX公司', '佛山XXXXXXXXXXXXXX营部', '佛山XXXXXXXXXXXXXX商行', '佛山XXXXXXXXXXXXXX公司', '佛山XXXXXXXXXXXXXX公司', '佛山XXXXXXXXXXXXXX衣店', '广东XXXXXXXXXXXXXX公司', '佛山XXXXXXXXXXXXXX涤店', '广东XXXXXXXXXXXXXX公司', '佛山XXXXXXXXXXXXXX公司', '佛山XXXXXXXXXXXXXX公司', '佛山XXXXXXXXXXXXXX公司', '佛山XXXXXXXXXXXXXX公司', '佛山XXXXXXXXXXXXXX用)', '佛山XXXXXXXXXXXXXX公司', '佛山XXXXXXXXXXXXXX公司']",33
安徽省合肥市,"['V1407706', 'V1507346', 'V1407202', 'V1409119', 'V1512032', 'V1407439', 'V1608018', 'V1802010', 'V1407325', 'V1504022', 'V1511008', 'V1609022', 'V1407702', 'V1407704', 'V1407321', 'V1407326', 'V1604036', 'V1407705', 'V1504002', 'V1610013', 'V1409032', 'V1503009', 'V1604014', 'V1505040', 'V1407149', 'V1407150', 'V1608033', 'V1407573', 'V1407385', 'V1408266', 'V1407327', 'V1407707']","['合肥XXXXXXXXXXXXXX营部', '安徽XXXXXXXXXXXXXX公司', '合肥XXXXXXXXXXXXXX营部', '合肥XXXXXXXXXXXXXX营部', '安徽XXXXXXXXXXXXXX公司', '合肥XXXXXXXXXXXXXX公司', '合肥XXXXXXXXXXXXXX公司', '安徽XXXXXXXXXXXXXX公司', '合肥XXXXXXXXXXXXXX营部', '合肥XXXXXXXXXXXXXX商行', '合肥XXXXXXXXXXXXXX公司', '安徽XXXXXXXXXXXXXX公司', '安徽XXXXXXXXXXXXXX公司', '合肥XXXXXXXXXXXXXX公司', '合肥XXXXXXXXXXXXXX公司', '安徽XXXXXXXXXXXXXX公司', '安徽XXXXXXXXXXXXXX公司', '合肥XXXXXXXXXXXXXX发部', '合肥XXXXXXXXXXXXXX公司', '合肥XXXXXXXXXXXXXX公司', '合肥XXXXXXXXXXXXXX务部', '合肥XXXXXXXXXXXXXX公司', '合肥XXXXXXXXXXXXXX公司', '合肥XXXXXXXXXXXXXX务部', '合肥XXXXXXXXXXXXXX公司', '安徽XXXXXXXXXXXXXX公司', '合肥XXXXXXXXXXXXXX公司', '长丰XXXXXXXXXXXXXX涤店', '合肥XXXXXXXXXXXXXX务部', '合肥XXXXXXXXXXXXXX公司', '安徽XXXXXXXXXXXXXX公司', '合肥XXXXXXXXXXXXXX商行']",32
江苏省南京市,"['V1604009', 'V1507311', 'V1408263', 'V1407026', 'V1503056', 'V1407725', 'V1408171', 'V1505058', 'V1407861', 'V1410012', 'V1507108', 'V1407283', 'V1408410', 'V1606008', 'V1408158', 'V1505043', 'V1605039', 'V1605047', 'V1706025', 'V1610017', 'V1407388', 'V1407227', 'V1407282', 'V1408409', 'V1804003', 'V1408406', 'V1411017', 'V1512025', 'V1408134', 'V1407347', 'V1407349']","['南京XXXXXXXXXXXXXX公司', '南京XXXXXXXXXXXXXX中心', '南京XXXXXXXXXXXXXX公司', '南京XXXXXXXXXXXXXX公司', '南京XXXXXXXXXXXXXX公司', '南京XXXXXXXXXXXXXX营部', '南京XXXXXXXXXXXXXX营部', '南京XXXXXXXXXXXXXX中心', '南京XXXXXXXXXXXXXX公司', '南京XXXXXXXXXXXXXX中心', '南京XXXXXXXXXXXXXX发厂', '南京XXXXXXXXXXXXXX中心', '南京XXXXXXXXXXXXXX中心', '南京XXXXXXXXXXXXXX公司', '南京XXXXXXXXXXXXXX公司', '江苏XXXXXXXXXXXXXX公司', '南京XXXXXXXXXXXXXX公司', '南京XXXXXXXXXXXXXX营部', '南京XXXXXXXXXXXXXX市部', '南京XXXXXXXXXXXXXX公司', '南京XXXXXXXXXXXXXX公司', '南京XXXXXXXXXXXXXX公司', '南京XXXXXXXXXXXXXX公司', '南京XXXXXXXXXXXXXX中心', '南京XXXXXXXXXXXXXX公司', '南京XXXXXXXXXXXXXX营部', '南京XXXXXXXXXXXXXX公司', '南京XXXXXXXXXXXXXX公司', '南京XXXXXXXXXXXXXX公司', '南京XXXXXXXXXXXXXX中心', '南京XXXXXXXXXXXXXX公司']",31
山东省济南市,"['V1504048', 'V1407577', 'V1408313', 'V1508054', 'V1408311', 'V1505073', 'V1407710', 'V1407711', 'V1408161', 'V1411034', 'V1408422', 'V1408472', 'V1407183', 'V1408419', 'V1609008', 'V1407199', 'V1408127', 'V1509010', 'V1503052', 'V1409097', 'V1408471', 'V1408139', 'V1408169', 'V1603011', 'V1408307', 'V1408312', 'V1408019', 'V1409095', 'V1508055']","['济南XXXXXXXXXXXXXX公司', '济南XXXXXXXXXXXXXX中心', '济南XXXXXXXXXXXXXX中心', '济南XXXXXXXXXXXXXX公司', '济南XXXXXXXXXXXXXX中心', '济南XXXXXXXXXXXXXX营部', '济南XXXXXXXXXXXXXX公司', '济南XXXXXXXXXXXXXX营部', '天桥XXXXXXXXXXXXXX务部', '济南XXXXXXXXXXXXXX公司', '山东XXXXXXXXXXXXXX公司', '山东XXXXXXXXXXXXXX公司', '济南XXXXXXXXXXXXXX公司', '济南XXXXXXXXXXXXXX公司', '济南XXXXXXXXXXXXXX公司', '济南XXXXXXXXXXXXXX公司', '天桥XXXXXXXXXXXXXX销处', '济南XXXXXXXXXXXXXX中心', '济南XXXXXXXXXXXXXX营部', '济南XXXXXXXXXXXXXX公司', '历城XXXXXXXXXXXXXX务队', '济南XXXXXXXXXXXXXX中心', '济南XXXXXXXXXXXXXX公司', '济南XXXXXXXXXXXXXX公司', '济南XXXXXXXXXXXXXX中心', '天桥XXXXXXXXXXXXXX务处', '济南XXXXXXXXXXXXXX公司', '济南XXXXXXXXXXXXXX公司', '济南XXXXXXXXXXXXXX公司']",29
河南省郑州市,"['V1407232', 'V1601010', 'V1602002', 'V1411024', 'V1609015', 'V1408273', 'V1507138', 'V1408238', 'V1407616', 'V1409043', 'V1407188', 'V1408355', 'V1408206', 'V1507115', 'V1508083', 'V1503062', 'V1409065', 'V1409066', 'V1407615', 'V1507112', 'V1407790', 'V1412040', 'V1409064', 'V1407238', 'V1408013', 'V1408033', 'V1409021', 'V1611004', 'V1612004']","['郑州XXXXXXXXXXXXXX公司', '郑州XXXXXXXXXXXXXX公司', '郑州XXXXXXXXXXXXXX公司', '郑州XXXXXXXXXXXXXX商行', '郑州XXXXXXXXXXXXXX公司', '郑州XXXXXXXXXXXXXX公司', '郑州XXXXXXXXXXXXXX商行', '河南XXXXXXXXXXXXXX公司', '郑州XXXXXXXXXXXXXX洗店', '郑州XXXXXXXXXXXXXX村店', '河南XXXXXXXXXXXXXX公司', '郑州XXXXXXXXXXXXXX公司', '郑州XXXXXXXXXXXXXX公司', '郑州XXXXXXXXXXXXXX公司', '郑州XXXXXXXXXXXXXX公司', '郑州XXXXXXXXXXXXXX计室', '郑州XXXXXXXXXXXXXX营部', '郑州XXXXXXXXXXXXXX公司', '郑州XXXXXXXXXXXXXX公司', '新郑XXXXXXXXXXXXXX务部', '郑州XXXXXXXXXXXXXX公司', '郑州XXXXXXXXXXXXXX公司', '郑州XXXXXXXXXXXXXX销处', '郑州XXXXXXXXXXXXXX涤部', '郑州XXXXXXXXXXXXXX公司', '郑州XXXXXXXXXXXXXX公司', '郑州XXXXXXXXXXXXXX商行', '郑州XXXXXXXXXXXXXX商行', '郑州XXXXXXXXXXXXXX商行']",29
贵州省贵阳市,"['V1407260', 'V1407693', 'V1407694', 'V1407697', 'V1408426', 'V1408427', 'V1408163', 'V1504029', 'V1408168', 'V1408429', 'V1407367', 'V1407172', 'V1408432', 'V1511025', 'V1407695', 'V1407698', 'V1408474', 'V1409077', 'V1703021', 'V1407699', 'V1408098', 'V1407261', 'V1510031', 'V1408425', 'V1408428', 'V1408473', 'V1407259', 'V1411018']","['河北XXXXXXXXXXXXXX公司', '贵阳XXXXXXXXXXXXXX营部', '贵阳XXXXXXXXXXXXXX营部', '贵阳XXXXXXXXXXXXXX公司', '贵阳XXXXXXXXXXXXXX公司', '贵州XXXXXXXXXXXXXX公司', '贵州XXXXXXXXXXXXXX公司', '贵州XXXXXXXXXXXXXX公司', '贵阳XXXXXXXXXXXXXX商行', '贵阳XXXXXXXXXXXXXX公司', '贵阳XXXXXXXXXXXXXX公司', '贵阳XXXXXXXXXXXXXX公司', '贵阳XXXXXXXXXXXXXX营部', '贵阳XXXXXXXXXXXXXX公司', '贵阳XXXXXXXXXXXXXX营部', '贵阳XXXXXXXXXXXXXX营部', '贵州XXXXXXXXXXXXXX公司', '贵阳XXXXXXXXXXXXXX公司', '贵州XXXXXXXXXXXXXX公司', '贵州XXXXXXXXXXXXXX公司', '清镇XXXXXXXXXXXXXX务部', '贵州XXXXXXXXXXXXXX公司', '贵州XXXXXXXXXXXXXX公司', '贵阳XXXXXXXXXXXXXX营部', '贵阳XXXXXXXXXXXXXX公司', '贵州XXXXXXXXXXXXXX公司', '贵阳XXXXXXXXXXXXXX工司', '贵州XXXXXXXXXXXXXX公司']",28
广西壮族自治区南宁市,"['V1504075', 'V1407732', 'V1504073', 'V1505062', 'V1707016', 'V1507006', 'V1409109', 'V1408062', 'V1408075', 'V1407728', 'V1410023', 'V1407730', 'V1706029', 'V1408080', 'V1705018', 'V1408079', 'V1509034', 'V1408447', 'V1407163', 'V1407584', 'V1407733']","['广西XXXXXXXXXXXXXX公司', '南宁XXXXXXXXXXXXXX营部', '广西XXXXXXXXXXXXXX公司', '南宁XXXXXXXXXXXXXX公司', '广西XXXXXXXXXXXXXX公司', '南宁XXXXXXXXXXXXXX公司', '南宁XXXXXXXXXXXXXX营部', '广西XXXXXXXXXXXXXX公司', '南宁XXXXXXXXXXXXXX涤厂', '广西XXXXXXXXXXXXXX公司', '广西XXXXXXXXXXXXXX公司', '南宁XXXXXXXXXXXXXX公司', '南宁XXXXXXXXXXXXXX发部', '南宁XXXXXXXXXXXXXX营部', '南宁XXXXXXXXXXXXXX公司', '南宁XXXXXXXXXXXXXX公司', '南宁XXXXXXXXXXXXXX涤厂', '南宁XXXXXXXXXXXXXX营部', '南宁XXXXXXXXXXXXXX涤部', '南宁XXXXXXXXXXXXXX公司', '南宁XXXXXXXXXXXXXX营部']",21
福建省厦门市,"['V1407639', 'V1408392', 'V1603001', 'V1408297', 'V1507117', 'V1408298', 'V1408393', 'V1412008', 'V1407531', 'V1408057', 'V1407640', 'V1602014', 'V1408105', 'V1509014', 'V1511014', 'V1612007', 'V1407302', 'V1407380', 'V1408107', 'V1408391', 'V1706028']","['上海XXXXXXXXXXXXXX公司', '厦门XXXXXXXXXXXXXX货店', '厦门XXXXXXXXXXXXXX公司', '厦门XXXXXXXXXXXXXX公司', '厦门XXXXXXXXXXXXXX公司', '厦门XXXXXXXXXXXXXX公司', '厦门XXXXXXXXXXXXXX公司', '厦门XXXXXXXXXXXXXX公司', '厦门XXXXXXXXXXXXXX公司', '厦门XXXXXXXXXXXXXX公司', '厦门XXXXXXXXXXXXXX公司', '厦门XXXXXXXXXXXXXX公司', '厦门XXXXXXXXXXXXXX务部', '厦门XXXXXXXXXXXXXX公司', '厦门XXXXXXXXXXXXXX公司', '厦门XXXXXXXXXXXXXX公司', '厦门XXXXXXXXXXXXXX公司', '厦门XXXXXXXXXXXXXX公司', '厦门XXXXXXXXXXXXXX公司', '厦门XXXXXXXXXXXXXX公司', '厦门XXXXXXXXXXXXXX公司']",21
辽宁省沈阳市,"['V1603016', 'V1407744', 'V1407745', 'V1408288', 'V1407747', 'V1407016', 'V1407031', 'V1411014', 'V1801042', 'V1407274', 'V1510003', 'V1408290', 'V1510021', 'V1407424', 'V1608009', 'V1408287', 'V1603004', 'V1603009', 'V1408468']","['沈阳XXXXXXXXXXXXXX公司', '沈阳XXXXXXXXXXXXXX公司', '沈阳XXXXXXXXXXXXXX文社', '沈阳XXXXXXXXXXXXXX涤厂', '沈阳XXXXXXXXXXXXXX公司', '湖南XXXXXXXXXXXXXX公司', '沈阳XXXXXXXXXXXXXX洗店', '沈阳XXXXXXXXXXXXXX公司', '沈阳XXXXXXXXXXXXXX公司', '沈阳XXXXXXXXXXXXXX公司', '沈阳XXXXXXXXXXXXXX公司', '沈阳XXXXXXXXXXXXXX公司', '沈阳XXXXXXXXXXXXXX务部', '沈阳XXXXXXXXXXXXXX利店', '沈阳XXXXXXXXXXXXXX公司', '沈阳XXXXXXXXXXXXXX衣房', '沈阳XXXXXXXXXXXXXX公司', '沈阳XXXXXXXXXXXXXX备厂', '沈阳XXXXXXXXXXXXXX公司']",19
江苏省苏州市,"['V1604037', 'V1407508', 'V1512028', 'V1408004', 'V1408260', 'V1408282', 'V1410018', 'V1410020', 'V1408124', 'V1408087', 'V1408264', 'V1407727', 'V1610014', 'V1608011', 'V1701014', 'V1407248', 'V1705003', 'V1707011', 'V1707019']","['江苏XXXXXXXXXXXXXX公司', '常熟XXXXXXXXXXXXXX务部', '吴江XXXXXXXXXXXXXX营部', '姑苏XXXXXXXXXXXXXX盟店', '苏州XXXXXXXXXXXXXX营部', '吴中XXXXXXXXXXXXXX务部', '苏州XXXXXXXXXXXXXX务部', '苏州XXXXXXXXXXXXXX涤厂', '宿州XXXXXXXXXXXXXX超市', '苏州XXXXXXXXXXXXXX商行', '昆山XXXXXXXXXXXXXX公司', '金阊XXXXXXXXXXXXXX中心', '苏州XXXXXXXXXXXXXX印厂', '吴江XXXXXXXXXXXXXX衣店', '上海XXXXXXXXXXXXXX公司', '苏州XXXXXXXXXXXXXX公司', '苏州XXXXXXXXXXXXXX公司', '昆山XXXXXXXXXXXXXX公司', '苏州XXXXXXXXXXXXXX公司']",19
江西省南昌市,"['V1407717', 'V1407855', 'V1407722', 'V1407719', 'V1407720', 'V1408411', 'V1407317', 'V1407192', 'V1407716', 'V1709019', 'V1605037', 'V1407297', 'V1703025', 'V1603002', 'V1411028', 'V1407581', 'V1407318', 'V1508003', 'V1509002']","['南昌XXXXXXXXXXXXXX修部', '南昌XXXXXXXXXXXXXX公司', '南昌XXXXXXXXXXXXXX中心', '南昌XXXXXXXXXXXXXX公司', '南昌XXXXXXXXXXXXXX中心', '南昌XXXXXXXXXXXXXX修部', '南昌XXXXXXXXXXXXXX公司', '南昌XXXXXXXXXXXXXX中心', '西湖XXXXXXXXXXXXXX营部', '南昌XXXXXXXXXXXXXX中心', '南昌XXXXXXXXXXXXXX公司', '南昌XXXXXXXXXXXXXX公司', '南昌XXXXXXXXXXXXXX公司', '南昌XXXXXXXXXXXXXX中心', '西湖XXXXXXXXXXXXXX商行', '南昌XXXXXXXXXXXXXX公司', '南昌XXXXXXXXXXXXXX公司', '新建XXXXXXXXXXXXXX中心', '江西XXXXXXXXXXXXXX公司']",19
云南省昆明市,"['V1407713', 'V1609017', 'V1408209', 'V1407370', 'V1407369', 'V1407804', 'V1504032', 'V1407715', 'V1802004', 'V1408060', 'V1605005', 'V1704019', 'V1709029', 'V1411020', 'V1407712', 'V1407714', 'V1408253', 'V1407578']","['昆明XXXXXXXXXXXXXX金店', '云南XXXXXXXXXXXXXX公司', '云南XXXXXXXXXXXXXX公司', '昆明XXXXXXXXXXXXXX公司', '昆明XXXXXXXXXXXXXX公司', '昆明XXXXXXXXXXXXXX营部', '日立XXXXXXXXXXXXXX公司', '昆明XXXXXXXXXXXXXX公司', '云南XXXXXXXXXXXXXX公司', '云南XXXXXXXXXXXXXX公司', '云南XXXXXXXXXXXXXX公司', '昆明XXXXXXXXXXXXXX公司', '昆明XXXXXXXXXXXXXX公司', '昆明XXXXXXXXXXXXXX公司', '昆明XXXXXXXXXXXXXX营部', '昆明XXXXXXXXXXXXXX营部', '云南XXXXXXXXXXXXXX公司', '晋宁XXXXXXXXXXXXXX公司']",18
广东省珠海市,"['V1712011', 'V1408270', 'V1408348', 'V1501035', 'V1601013', 'V1407053', 'V1409055', 'V1506129', 'V1407665', 'V1407543', 'V1408345', 'V1408349', 'V1507136', 'V1408344', 'V1408346', 'V1408178', 'V1407544']","['广东XXXXXXXXXXXXXX公司', '珠海XXXXXXXXXXXXXX公司', '珠海XXXXXXXXXXXXXX商行', '珠海XXXXXXXXXXXXXX公司', '珠海XXXXXXXXXXXXXX公司', '珠海XXXXXXXXXXXXXX务部', '珠海XXXXXXXXXXXXXX中心', '珠海XXXXXXXXXXXXXX公司', '珠海XXXXXXXXXXXXXX商店', '珠海XXXXXXXXXXXXXX公司', '珠海XXXXXXXXXXXXXX商店', '珠海XXXXXXXXXXXXXX商行', '珠海XXXXXXXXXXXXXX公司', '珠海XXXXXXXXXXXXXX商行', '珠海XXXXXXXXXXXXXX商行', '珠海XXXXXXXXXXXXXX公司', '珠海XXXXXXXXXXXXXX中心']",17
广东省东莞市,"['V1601022', 'V1803008', 'V1507319', 'V1506121', 'V1407392', 'V1407037', 'V1408326', 'V1504074', 'V1506107', 'V1607001', 'V1507096', 'V1407623', 'V1407470', 'V1407246', 'V1411039']","['东莞XXXXXXXXXXXXXX务部', '东莞XXXXXXXXXXXXXX公司', '诚信XXXXXXXXXXXXXX衣店', '东莞XXXXXXXXXXXXXX公司', '东莞XXXXXXXXXXXXXX枫）', '东莞XXXXXXXXXXXXXX水店', '东莞XXXXXXXXXXXXXX务部', '东莞XXXXXXXXXXXXXX公司', '东莞XXXXXXXXXXXXXX公司', '东莞XXXXXXXXXXXXXX公司', '东莞XXXXXXXXXXXXXX发部', '东莞XXXXXXXXXXXXXX商店', '东莞XXXXXXXXXXXXXX公司', '广东XXXXXXXXXXXXXX公司', '东莞XXXXXXXXXXXXXX公司']",15
广东省汕头市,"['V1408001', 'V1408049', 'V1408241', 'V1507146', 'V1408240', 'V1408246', 'V1408050', 'V1408015', 'V1410022', 'V1508028', 'V1703016', 'V1409002', 'V1408389', 'V1408295', 'V1408023']","['正定XXXXXXXXXXXXXX洗店', '汕头XXXXXXXXXXXXXX营部', '汕头XXXXXXXXXXXXXX公司', '汕头XXXXXXXXXXXXXX公司', '汕头XXXXXXXXXXXXXX公司', '汕头XXXXXXXXXXXXXX商行', '汕头XXXXXXXXXXXXXX商行', '汕头XXXXXXXXXXXXXX商行', '汕头XXXXXXXXXXXXXX营部', '汕头XXXXXXXXXXXXXX商行', '汕头XXXXXXXXXXXXXX公司', '汕头XXXXXXXXXXXXXX修部', '汕头XXXXXXXXXXXXXX商行', '汕头XXXXXXXXXXXXXX洗店', '汕头XXXXXXXXXXXXXX商店']",15
黑龙江省哈尔滨市,"['V1408042', 'V1411003', 'V1409094', 'V1711002', 'V1407462', 'V1407494', 'V1408148', 'V1407628', 'V1411023', 'V1612008', 'V1407491', 'V1407378', 'V1409102']","['黑龙XXXXXXXXXXXXXX公司', '哈尔XXXXXXXXXXXXXX公司', '哈尔XXXXXXXXXXXXXX公司', '哈尔XXXXXXXXXXXXXX公司', '黑龙XXXXXXXXXXXXXX公司', '哈尔XXXXXXXXXXXXXX公司', '哈尔XXXXXXXXXXXXXX计室', '哈尔XXXXXXXXXXXXXX公司', '黑龙XXXXXXXXXXXXXX公司', '哈尔XXXXXXXXXXXXXX洗厂', '哈尔XXXXXXXXXXXXXX商行', '黑龙XXXXXXXXXXXXXX公司', '哈尔XXXXXXXXXXXXXX销部']",13
天津市天津市,"['V1803016', 'V1601033', 'V1507280', 'V1409009', 'V1407597', 'V1507281', 'V1408373', 'V1506133', 'V1610008', 'V1407042', 'V1408283', 'V1408125', 'V1410017']","['天津XXXXXXXXXXXXXX公司', '天津XXXXXXXXXXXXXX中心', '天津XXXXXXXXXXXXXX衣厂', '天津XXXXXXXXXXXXXX公司', '天津XXXXXXXXXXXXXX公司', '天津XXXXXXXXXXXXXX中心', '天津XXXXXXXXXXXXXX公司', '天津XXXXXXXXXXXXXX公司', '天津XXXXXXXXXXXXXX中心', '天津XXXXXXXXXXXXXX公司', '天津XXXXXXXXXXXXXX公司', '天津XXXXXXXXXXXXXX利店', '北京XXXXXXXXXXXXXX公司']",13
广东省惠州市,"['V1408147', 'V1407436', 'V1408012', 'V1412019', 'V1705016', 'V1507130', 'V1407469', 'V1408084', 'V1507129', 'V1502014', 'V1408121', 'V1407437', 'V1612010']","['惠州XXXXXXXXXXXXXX公司', '惠州XXXXXXXXXXXXXX售部', '邵阳XXXXXXXXXXXXXX利店', '惠州XXXXXXXXXXXXXX商行', '深圳XXXXXXXXXXXXXX公司', '惠州XXXXXXXXXXXXXX务部', '惠州XXXXXXXXXXXXXX公司', '惠州XXXXXXXXXXXXXX商行', '惠州XXXXXXXXXXXXXX公司', '惠州XXXXXXXXXXXXXX商行', '惠州XXXXXXXXXXXXXX商行', '惠州XXXXXXXXXXXXXX公司', '惠州XXXXXXXXXXXXXX公司']",13
广东省肇庆市,"['V1408177', 'V1408085', 'V1711011', 'V1408185', 'V1511024', 'V1408002', 'V1408071', 'V1409104', 'V1409105', 'V1408081', 'V1409106', 'V1408142']","['端州XXXXXXXXXXXXXX花店', '端州XXXXXXXXXXXXXX茶行', '肇庆XXXXXXXXXXXXXX公司', '鼎湖XXXXXXXXXXXXXX刷厂', '肇庆XXXXXXXXXXXXXX商行', '端州XXXXXXXXXXXXXX销部', '肇庆XXXXXXXXXXXXXX营部', '四会XXXXXXXXXXXXXX商行', '四会XXXXXXXXXXXXXX计部', '肇庆XXXXXXXXXXXXXX商行', '四会XXXXXXXXXXXXXX商店', '肇庆XXXXXXXXXXXXXX饰部']",12
广东省中山市,"['V1505045', 'V1407545', 'V1507350', 'V1408188', 'V1408187', 'V1409115', 'V1608008', 'V1408137', 'V1407815', 'V1407467', 'V1601031', 'V1508030']","['中山XXXXXXXXXXXXXX中心', '中山XXXXXXXXXXXXXX务部', '中山XXXXXXXXXXXXXX公司', '中山XXXXXXXXXXXXXX器行', '中山XXXXXXXXXXXXXX计部', '中山XXXXXXXXXXXXXX货店', '中山XXXXXXXXXXXXXX公司', '中山XXXXXXXXXXXXXX中心', '中山XXXXXXXXXXXXXX公司', '广东XXXXXXXXXXXXXX公司', '中山XXXXXXXXXXXXXX公司', '中山XXXXXXXXXXXXXX货店']",12
河北省石家庄市,"['V1407816', 'V1410008', 'V1408234', 'V1505007', 'V1408233', 'V1504017', 'V1801029', 'V1408138', 'V1710006', 'V1407215', 'V1603030', 'V1507301']","['石家XXXXXXXXXXXXXX公司', '石家XXXXXXXXXXXXXX公司', '石家XXXXXXXXXXXXXX中心', '石家XXXXXXXXXXXXXX公司', '藁城XXXXXXXXXXXXXX洗厂', '山西XXXXXXXXXXXXXX公司', '捷成XXXXXXXXXXXXXX公司', '石家XXXXXXXXXXXXXX商店', '新华XXXXXXXXXXXXXX商店', '河北XXXXXXXXXXXXXX公司', '长安XXXXXXXXXXXXXX中心', '河北XXXXXXXXXXXXXX公司']",12
辽宁省大连市,"['V1409081', 'V1507292', 'V1507293', 'V1511001', 'V1408221', 'V1407059', 'V1408064', 'V1507148', 'V1409054', 'V1510033', 'V1408149', 'V1409051']","['大连XXXXXXXXXXXXXX衣房', '大连XXXXXXXXXXXXXX公司', '大连XXXXXXXXXXXXXX务部', '大连XXXXXXXXXXXXXX销部', '大连XXXXXXXXXXXXXX计行', '大连XXXXXXXXXXXXXX衣店', '大连XXXXXXXXXXXXXX商行', '大连XXXXXXXXXXXXXX公司', '大连XXXXXXXXXXXXXX商行', '大连XXXXXXXXXXXXXX公司', '大连XXXXXXXXXXXXXX公司', '大连XXXXXXXXXXXXXX公司']",12
福建省福州市,"['V1409103', 'V1609004', 'V1506132', 'V1407018', 'V1407201', 'V1407292', 'V1407874', 'V1407291', 'V1409116', 'V1408448', 'V1407273']","['晋安XXXXXXXXXXXXXX作室', '福州XXXXXXXXXXXXXX金店', '福州XXXXXXXXXXXXXX公司', '福建XXXXXXXXXXXXXX公司', '晋安XXXXXXXXXXXXXX商行', '福州XXXXXXXXXXXXXX公司', '福州XXXXXXXXXXXXXX司1', '福州XXXXXXXXXXXXXX公司', '福州XXXXXXXXXXXXXX公司', '晋安XXXXXXXXXXXXXX商行', '台江XXXXXXXXXXXXXX营部']",11
山西省太原市,"['V1512033', 'V1408235', 'V1409125', 'V1409036', 'V1503008', 'V1407751', 'V1407328', 'V1407749', 'V1408099', 'V1703022', 'V1508051']","['太原XXXXXXXXXXXXXX务部', '太原XXXXXXXXXXXXXX销部', '太原XXXXXXXXXXXXXX务部', '太原XXXXXXXXXXXXXX公司', '太原XXXXXXXXXXXXXX公司', '山西XXXXXXXXXXXXXX公司', '太原XXXXXXXXXXXXXX商行', '太原XXXXXXXXXXXXXX利店', '太原XXXXXXXXXXXXXX洗店', '山西XXXXXXXXXXXXXX公司', '山西XXXXXXXXXXXXXX公司']",11
湖北省襄阳市,"['V1407095', 'V1409118', 'V1407776', 'V1407777', 'V1407396', 'V1408092', 'V1407528', 'V1407476', 'V1407778', 'V1407513']","['景兵XXXXXXXXXXXXXX兵建', '襄阳XXXXXXXXXXXXXX公司', '襄阳XXXXXXXXXXXXXX商行', '湖北XXXXXXXXXXXXXX公司', '襄阳XXXXXXXXXXXXXX公司', '襄阳XXXXXXXXXXXXXX中心', '襄阳XXXXXXXXXXXXXX务部', '襄樊XXXXXXXXXXXXXX中心', '襄阳XXXXXXXXXXXXXX营部', '襄阳XXXXXXXXXXXXXX涤坊']",10
浙江省杭州市,"['V1407800', 'V1408256', 'V1408267', 'V1507152', 'V1703026', 'V1407486', 'V1507316', 'V1701006', 'V1407221', 'V1604027']","['富阳XXXXXXXXXXXXXX公司', '杭州XXXXXXXXXXXXXX公司', '杭州XXXXXXXXXXXXXX公司', '杭州XXXXXXXXXXXXXX公司', '杭州XXXXXXXXXXXXXX作部', '杭州XXXXXXXXXXXXXX务部', '杭州XXXXXXXXXXXXXX公司', '杭州XXXXXXXXXXXXXX公司', '杭州XXXXXXXXXXXXXX公司', '浙江XXXXXXXXXXXXXX公司']",10
海南省海口市,"['V1601024', 'V1407510', 'V1408217', 'V1410010', 'V1605023', 'V1407194', 'V1408219', 'V1409056', 'V1408054']","['海南XXXXXXXXXXXXXX公司', '海南XXXXXXXXXXXXXX公司', '海口XXXXXXXXXXXXXX公司', '海口XXXXXXXXXXXXXX作部', '海南XXXXXXXXXXXXXX公司', '海南XXXXXXXXXXXXXX公司', '海口XXXXXXXXXXXXXX公司', '海口XXXXXXXXXXXXXX公司', '海口XXXXXXXXXXXXXX中心']",9
湖南省衡阳市,"['V1407463', 'V1505063', 'V1407251', 'V1803018', 'V1407312', 'V1407540', 'V1407408', 'V1407464', 'V1412002']","['衡阳XXXXXXXXXXXXXX超市', '湖南XXXXXXXXXXXXXX公司', '衡阳XXXXXXXXXXXXXX公司', '衡阳XXXXXXXXXXXXXX酒店', '湖南XXXXXXXXXXXXXX公司', '衡阳XXXXXXXXXXXXXX涤厂', '衡阳XXXXXXXXXXXXXX食店', '衡阳XXXXXXXXXXXXXX中心', '衡阳XXXXXXXXXXXXXX作店']",9
广西壮族自治区桂林市,"['V1505053', 'V1505068', 'V1711006', 'V1507125', 'V1703001', 'V1411047', 'V1512003', 'V1504044', 'V1503002']","['桂林XXXXXXXXXXXXXX公司', '桂林XXXXXXXXXXXXXX公司', '桂林XXXXXXXXXXXXXX公司', '桂林XXXXXXXXXXXXXX贸行', '桂林XXXXXXXXXXXXXX公司', '桂林XXXXXXXXXXXXXX公司', '阳朔XXXXXXXXXXXXXX中心', '阳朔XXXXXXXXXXXXXX品店', '桂林XXXXXXXXXXXXXX公司']",9
广东省韶关市,"['V1606018', 'V1407479', 'V1407481', 'V1706018', 'V1407474', 'V1409027', 'V1407155', 'V1407477', 'V1407483']","['武江XXXXXXXXXXXXXX中心', '武江XXXXXXXXXXXXXX商行', '韶关XXXXXXXXXXXXXX公司', '武江XXXXXXXXXXXXXX涤部', '浈江XXXXXXXXXXXXXX商行', '韶关XXXXXXXXXXXXXX公司', '韶关XXXXXXXXXXXXXX公司', '武江XXXXXXXXXXXXXX中心', '宏通XXXXXXXXXXXXXX务部']",9
江苏省扬州市,"['V1407821', 'V1601012', 'V1512044', 'V1407286', 'V1509023', 'V1509028', 'V1710001', 'V1408278', 'V1711003']","['江苏XXXXXXXXXXXXXX公司', '扬州XXXXXXXXXXXXXX公司', '扬州XXXXXXXXXXXXXX公司', '江苏XXXXXXXXXXXXXX公司', '扬州XXXXXXXXXXXXXX公司', '邗江XXXXXXXXXXXXXX涤厂', '扬州XXXXXXXXXXXXXX公司', '扬州XXXXXXXXXXXXXX中心', '扬州XXXXXXXXXXXXXX公司']",9
甘肃省兰州市,"['V1605030', 'V1408412', 'V1509017', 'V1801014', 'V1407637', 'V1509007', 'V1409090', 'V1408025', 'V1408073']","['兰州XXXXXXXXXXXXXX公司', '兰州XXXXXXXXXXXXXX公司', '安宁XXXXXXXXXXXXXX洗店', '江苏XXXXXXXXXXXXXX公司', '甘肃XXXXXXXXXXXXXX公司', '兰州XXXXXXXXXXXXXX中心', '兰州XXXXXXXXXXXXXX公司', '兰州XXXXXXXXXXXXXX公司', '兰州XXXXXXXXXXXXXX公司']",9
广东省江门市,"['V1408215', 'V1601017', 'V1408066', 'V1408067', 'V1507099', 'V1506128', 'V1408122', 'V1407550']","['蓬江XXXXXXXXXXXXXX中心', '开平XXXXXXXXXXXXXX公司', '鹤山XXXXXXXXXXXXXX商店', '鹤山XXXXXXXXXXXXXX商行', '鹤山XXXXXXXXXXXXXX商店', '开平XXXXXXXXXXXXXX材厂', '鹤山XXXXXXXXXXXXXX息部', '江门XXXXXXXXXXXXXX公司']",8
贵州省遵义市,"['V1408154', 'V1408342', 'V1603003', 'V1408338', 'V1408339', 'V1408340', 'V1409093']","['遵义XXXXXXXXXXXXXX道厂', '遵义XXXXXXXXXXXXXX公司', '遵义XXXXXXXXXXXXXX公司', '红花XXXXXXXXXXXXXX务部', '汇川XXXXXXXXXXXXXX中心', '遵义XXXXXXXXXXXXXX公司', '刘玉XXXXXXXXXXXXXX刘玉']",7
安徽省芜湖市,"['V1408258', 'V1608027', 'V1407633', 'V1407066', 'V1407629', 'V1407322', 'V1407635']","['芜湖XXXXXXXXXXXXXX营部', '安徽XXXXXXXXXXXXXX公司', '芜湖XXXXXXXXXXXXXX超市', '弋江XXXXXXXXXXXXXX品店', '芜湖XXXXXXXXXXXXXX总汇', '芜湖XXXXXXXXXXXXXX务室', '芜湖XXXXXXXXXXXXXX营部']",7
湖南省郴州市,"['V1407036', 'V1507093', 'V1407035', 'V1407454', 'V1507211', 'V1801019', 'V1407310']","['郴州XXXXXXXXXXXXXX商行', '仙助XXXXXXXXXXXXXX商行', '源江XXXXXXXXXXXXXX营部', '郴州XXXXXXXXXXXXXX用）', '郴州XXXXXXXXXXXXXX公司', '湖南XXXXXXXXXXXXXX公司', '郴州XXXXXXXXXXXXXX公司']",7
贵州省安顺市,"['V1408462', 'V1409042', 'V1408464', 'V1408254', 'V1408255', 'V1408463']","['广西XXXXXXXXXXXXXX公司', '安顺XXXXXXXXXXXXXX公司', '安顺XXXXXXXXXXXXXX公司', '广西XXXXXXXXXXXXXX备）', '安顺XXXXXXXXXXXXXX酒店', '安顺XXXXXXXXXXXXXX中心']",6
内蒙古自治区呼和浩特市,"['V1408225', 'V1408424', 'V1408143', 'V1407504', 'V1408423', 'V1408043']","['呼和XXXXXXXXXXXXXX销部', '新城XXXXXXXXXXXXXX食店', '新城XXXXXXXXXXXXXX中心', '赛罕XXXXXXXXXXXXXX洗店', '赛罕XXXXXXXXXXXXXX送部', '广州XXXXXXXXXXXXXX贸行']",6
新疆维吾尔自治区乌鲁木齐市,"['V1407171', 'V1505071', 'V1409045', 'V1712006', 'V1407175', 'V1705001']","['新疆XXXXXXXXXXXXXX公司', '头屯XXXXXXXXXXXXXX中心', '沙依XXXXXXXXXXXXXX商行', '乌鲁XXXXXXXXXXXXXX务室', '新市XXXXXXXXXXXXXX中心', '头屯XXXXXXXXXXXXXX涤厂']",6
陕西省榆林市,"['V1504071', 'V1412034', 'V1408130', 'V1408128', 'V1408129']","['榆林XXXXXXXXXXXXXX售店', '榆林XXXXXXXXXXXXXX公司', '榆林XXXXXXXXXXXXXX总汇', '榆林XXXXXXXXXXXXXX门市', '榆林XXXXXXXXXXXXXX门市']",5
山东省淄博市,"['V1605035', 'V1407070', 'V1407651', 'V1407050', 'V1408063']","['淄博XXXXXXXXXXXXXX公司', '淄博XXXXXXXXXXXXXX公司', '张店XXXXXXXXXXXXXX作室', '桓台XXXXXXXXXXXXXX务部', '张店XXXXXXXXXXXXXX发部']",5
广西壮族自治区钦州市,"['V1408237', 'V1408186', 'V1408018', 'V1408236', 'V1408123']","['钦州XXXXXXXXXXXXXX盟店', '钦州XXXXXXXXXXXXXX公司', '中山XXXXXXXXXXXXXX公司', '钦州XXXXXXXXXXXXXX金店', '钦州XXXXXXXXXXXXXX商行']",5
江西省鹰潭市,"['V1512015', 'V1407624', 'V1711001', 'V1407626', 'V1407625']","['鹰潭XXXXXXXXXXXXXX公司', '鹰潭XXXXXXXXXXXXXX公司', '鹰潭XXXXXXXXXXXXXX公司', '鹰潭XXXXXXXXXXXXXX公司', '鹰潭XXXXXXXXXXXXXX品店']",5
山西省运城市,"['V1407781', 'V1407779', 'V1407783', 'V1407782', 'V1407610']","['运城XXXXXXXXXXXXXX销部', '运城XXXXXXXXXXXXXX计部', '运城XXXXXXXXXXXXXX销部', '运城XXXXXXXXXXXXXX销部', '运城XXXXXXXXXXXXXX中心']",5
山东省烟台市,"['V1408226', 'V1408296', 'V1507144', 'V1411032', 'V1508081']","['烟台XXXXXXXXXXXXXX公司', '烟台XXXXXXXXXXXXXX公司', '烟台XXXXXXXXXXXXXX公司', '莱阳XXXXXXXXXXXXXX衣坊', '烟台XXXXXXXXXXXXXX公司']",5
山东省滨州市,"['V1408262', 'V1408072', 'V1408329', 'V1408140', 'V1408034']","['秦皇XXXXXXXXXXXXXX超市', '滨州XXXXXXXXXXXXXX公司', '滨州XXXXXXXXXXXXXX衣房', '滨州XXXXXXXXXXXXXX中心', '滨州XXXXXXXXXXXXXX公司']",5
吉林省长春市,"['V1608001', 'V1509046', 'V1407457', 'V1507116', 'V1604039']","['吉林XXXXXXXXXXXXXX公司', '朝阳XXXXXXXXXXXXXX务部', '长春XXXXXXXXXXXXXX洗行', '南关XXXXXXXXXXXXXX超市', '吉林XXXXXXXXXXXXXX公司']",5
湖南省株洲市,"['V1407103', 'V1504060', 'V1511013', 'V1407314']","['湖南XXXXXXXXXXXXXX公司', '湖南XXXXXXXXXXXXXX公司', '湖南XXXXXXXXXXXXXX公司', '湖南XXXXXXXXXXXXXX公司']",4
河南省许昌市,"['V1408229', 'V1408230', 'V1408227', 'V1408228']","['许昌XXXXXXXXXXXXXX中心', '许昌XXXXXXXXXXXXXX公司', '许昌XXXXXXXXXXXXXX务部', '许昌XXXXXXXXXXXXXX商行']",4
浙江省宁波市,"['V1607011', 'V1407524', 'V1407225', 'V1509012']","['宁海XXXXXXXXXXXXXX品厂', '宁波XXXXXXXXXXXXXX涤店', '宁波XXXXXXXXXXXXXX公司', '宁波XXXXXXXXXXXXXX公司']",4
湖北省宜昌市,"['V1407493', 'V1503054', 'V1510007', 'V1407514']","['宜昌XXXXXXXXXXXXXX营部', '宜昌XXXXXXXXXXXXXX公司', '宜昌XXXXXXXXXXXXXX营部', '宜昌XXXXXXXXXXXXXX务部']",4
江苏省常州市,"['V1505052', 'V1408328', 'V1407559', 'V1408418']","['常州XXXXXXXXXXXXXX公司', '武进XXXXXXXXXXXXXX务部', '常州XXXXXXXXXXXXXX旅馆', '常州XXXXXXXXXXXXXX像店']",4
江苏省徐州市,"['V1407608', 'V1407249', 'V1407271']","['鼓楼XXXXXXXXXXXXXX务部', '徐州XXXXXXXXXXXXXX公司', '徐州XXXXXXXXXXXXXX公司']",3
河北省秦皇岛市,"['V1611001', 'V1603024', 'V1412001']","['秦皇XXXXXXXXXXXXXX公司', '秦皇XXXXXXXXXXXXXX公司', '秦皇XXXXXXXXXXXXXX公司']",3
广东省湛江市,"['V1507135', 'V1507134', 'V1407814']","['湛江XXXXXXXXXXXXXX涤厂', '湛江XXXXXXXXXXXXXX中心', '廉江XXXXXXXXXXXXXX公司']",3
陕西省宝鸡市,"['V1504070', 'V1506110', 'V1408335']","['宝鸡XXXXXXXXXXXXXX公司', '宝鸡XXXXXXXXXXXXXX公司', '宝鸡XXXXXXXXXXXXXX中心']",3
湖南省常德市,"['V1407489', 'V1407466', 'V1604004']","['常德XXXXXXXXXXXXXX公司', '武陵XXXXXXXXXXXXXX营部', '武陵XXXXXXXXXXXXXX营部']",3
湖南省湘潭市,"['V1407011', 'V1507177', 'V1507180']","['湖南XXXXXXXXXXXXXX公司', '湘潭XXXXXXXXXXXXXX超市', '湘潭XXXXXXXXXXXXXX超市']",3
广东省梅州市,"['V1407153', 'V1503046', 'V1601018']","['梅州XXXXXXXXXXXXXX公司', '梅州XXXXXXXXXXXXXX公司', '梅州XXXXXXXXXXXXXX商行']",3
山东省泰安市,"['V1507161', 'V1408375']","['泰安XXXXXXXXXXXXXX超市', '泰安XXXXXXXXXXXXXX中心']",2
山东省济宁市,"['V1408239', 'V1603012']","['邹城XXXXXXXXXXXXXX中心', '邹城XXXXXXXXXXXXXX公司']",2
山东省潍坊市,"['V1411006', 'V1407822']","['高密XXXXXXXXXXXXXX公司', '青州XXXXXXXXXXXXXX公司']",2
山东省日照市,"['V1408299', 'V1512043']","['日照XXXXXXXXXXXXXX公司', '日照XXXXXXXXXXXXXX公司']",2
,"['V1407495', 'V1408294']","['北京XXXXXXXXXXXXXX公司', '上海XXXXXXXXXXXXXX公司']",2
宁夏回族自治区银川市,"['V1407157', 'V1407609']","['银川XXXXXXXXXXXXXX品店', '贺兰XXXXXXXXXXXXXX中心']",2
山东省威海市,"['V1408259', 'V1408400']","['威海XXXXXXXXXXXXXX公司', '威海XXXXXXXXXXXXXX公司']",2
广西壮族自治区柳州市,"['V1510022', 'V1408242']","['柳州XXXXXXXXXXXXXX计室', '柳州XXXXXXXXXXXXXX公司']",2
江苏省南通市,"['V1407838', 'V1407399']","['江苏XXXXXXXXXXXXXX公司', '如皋XXXXXXXXXXXXXX公司']",2
海南省三亚市,"['V1504066', 'V1504069']","['三亚XXXXXXXXXXXXXX公司', '三亚XXXXXXXXXXXXXX公司']",2
浙江省温州市,"['V1412024', 'V1712004']","['浙江XXXXXXXXXXXXXX公司', '温州XXXXXXXXXXXXXX公司']",2
河南省洛阳市,"['V1408275', 'V1601038']","['洛阳XXXXXXXXXXXXXX务部', '洛阳XXXXXXXXXXXXXX公司']",2
河南省商丘市,"['V1408174', 'V1408153']","['商丘XXXXXXXXXXXXXX公司', '商丘XXXXXXXXXXXXXX公司']",2
河北省保定市,"['V1409096', 'V1408102']","['安国XXXXXXXXXXXXXX品店', '保定XXXXXXXXXXXXXX中心']",2
广东省清远市,"['V1407664', 'V1706023']","['清远XXXXXXXXXXXXXX商行', '清远XXXXXXXXXXXXXX涤部']",2
湖南省岳阳市,"['V1409120', 'V1408114']","['岳阳XXXXXXXXXXXXXX刷厂', '岳阳XXXXXXXXXXXXXX公司']",2
湖南省张家界市,"['V1407645', 'V1407309']","['张家XXXXXXXXXXXXXX公司', '湖南XXXXXXXXXXXXXX公司']",2
福建省泉州市,"['V1409112', 'V1407308']","['福建XXXXXXXXXXXXXX公司', '福建XXXXXXXXXXXXXX公司']",2
湖北省黄冈市,"['V1408244', 'V1408245']","['黄冈XXXXXXXXXXXXXX公司', '黄冈XXXXXXXXXXXXXX公司']",2
贵州省黔南布依族苗族自治州,"['V1505046', 'V1506111']","['都匀XXXXXXXXXXXXXX公司', '都匀XXXXXXXXXXXXXX品店']",2
贵州省六盘水市,"['V1409123', 'V1506076']","['大众XXXXXXXXXXXXXX营部', '六盘XXXXXXXXXXXXXX务部']",2
辽宁省抚顺市,"['V1512010', 'V1509049']","['抚顺XXXXXXXXXXXXXX衣店', '抚顺XXXXXXXXXXXXXX中心']",2
辽宁省丹东市,"['V1407687', 'V1407562']","['丹东XXXXXXXXXXXXXX公司', '丹东XXXXXXXXXXXXXX涤场']",2
陕西省咸阳市,"['V1511006', 'V1408279']","['咸阳XXXXXXXXXXXXXX公司', '咸阳XXXXXXXXXXXXXX公司']",2
青海省西宁市,"['V1407503', 'V1705008']","['西宁XXXXXXXXXXXXXX公司', '西宁XXXXXXXXXXXXXX公司']",2
